file_name,question
0.png,what is the net worth?
file_name,question
1.png,what is the net worth?
file_name,question
2.png,what is the net worth?
file_name,question
3.png,what is the net worth?
file_name,question
4.png,what is the net worth?
file_name,question
5.png,what is the net worth?
file_name,question
6.png,what is the net worth?
file_name,question
7.png,what is the net worth?
file_name,question
8.png,what is the net worth?
file_name,question
9.png,what is the net worth?
file_name,question
10.png,what is the net worth?
file_name,question
11.png,what is the net worth?
file_name,question
12.png,what is the net worth?
file_name,question
13.png,what is the net worth?
file_name,question
14.png,what is the net worth?
file_name,question
15.png,what is the net worth?
file_name,question
16.png,what is the net worth?
file_name,question
17.png,what is the net worth?
file_name,question
18.png,what is the net worth?
file_name,question
19.png,what is the net worth?
file_name,question
20.png,what is the net worth?
file_name,question
21.png,what is the net worth?
file_name,question
22.png,what is the net worth?
file_name,question
23.png,what is the net worth?
file_name,question
24.png,what is the net worth?
file_name,question
25.png,what is the net worth?
file_name,question
26.png,what is the net worth?
file_name,question
27.png,what is the net worth?
file_name,question
28.png,what is the net worth?
file_name,question
29.png,what is the net worth?
file_name,question
30.png,what is the net worth?
file_name,question
31.png,what is the net worth?
file_name,question
32.png,what is the net worth?
file_name,question
33.png,what is the net worth?
file_name,question
34.png,what is the net worth?
file_name,question
35.png,what is the net worth?
file_name,question
36.png,what is the net worth?
file_name,question
37.png,what is the net worth?
file_name,question
38.png,what is the net worth?
file_name,question
39.png,what is the net worth?
file_name,question
40.png,what is the net worth?
file_name,question
41.png,what is the net worth?
file_name,question
42.png,what is the net worth?
file_name,question
43.png,what is the net worth?
file_name,question
44.png,what is the net worth?
file_name,question
45.png,what is the net worth?
file_name,question
46.png,what is the net worth?
file_name,question
47.png,what is the net worth?
file_name,question
48.png,what is the net worth?
file_name,question
49.png,what is the net worth?
file_name,question
50.png,what is the net worth?
file_name,question
51.png,what is the net worth?
file_name,question
52.png,what is the net worth?
file_name,question
53.png,what is the net worth?
file_name,question
54.png,what is the net worth?
file_name,question
55.png,what is the net worth?
file_name,question
56.png,what is the net worth?
file_name,question
57.png,what is the net worth?
file_name,question
58.png,what is the net worth?
file_name,question
59.png,what is the net worth?
file_name,question
60.png,what is the net worth?
file_name,question
61.png,what is the net worth?
file_name,question
62.png,what is the net worth?
file_name,question
63.png,what is the net worth?
file_name,question
64.png,what is the net worth?
file_name,question
65.png,what is the net worth?
file_name,question
66.png,what is the net worth?
file_name,question
67.png,what is the net worth?
file_name,question
68.png,what is the net worth?
file_name,question
69.png,what is the net worth?
file_name,question
70.png,what is the net worth?
file_name,question
71.png,what is the net worth?
file_name,question
72.png,what is the net worth?
file_name,question
73.png,what is the net worth?
file_name,question
74.png,what is the net worth?
file_name,question
75.png,what is the net worth?
file_name,question
76.png,what is the net worth?
file_name,question
77.png,what is the net worth?
file_name,question
78.png,what is the net worth?
file_name,question
79.png,what is the net worth?
file_name,question
80.png,what is the net worth?
file_name,question
81.png,what is the net worth?
file_name,question
82.png,what is the net worth?
file_name,question
83.png,what is the net worth?
file_name,question
84.png,what is the net worth?
file_name,question
85.png,what is the net worth?
file_name,question
86.png,what is the net worth?
file_name,question
87.png,what is the net worth?
file_name,question
88.png,what is the net worth?
file_name,question
89.png,what is the net worth?
file_name,question
90.png,what is the net worth?
file_name,question
91.png,what is the net worth?
file_name,question
92.png,what is the net worth?
file_name,question
93.png,what is the net worth?
file_name,question
94.png,what is the net worth?
file_name,question
95.png,what is the net worth?
file_name,question
96.png,what is the net worth?
file_name,question
97.png,what is the net worth?
file_name,question
98.png,what is the net worth?
file_name,question
99.png,what is the net worth?
file_name,question
100.png,what is the net worth?
file_name,question
101.png,what is the net worth?
file_name,question
102.png,what is the net worth?
file_name,question
103.png,what is the net worth?
file_name,question
104.png,what is the net worth?
file_name,question
105.png,what is the net worth?
file_name,question
106.png,what is the net worth?
file_name,question
107.png,what is the net worth?
file_name,question
108.png,what is the net worth?
file_name,question
109.png,what is the net worth?
file_name,question
110.png,what is the net worth?
file_name,question
111.png,what is the net worth?
file_name,question
112.png,what is the net worth?
file_name,question
113.png,what is the net worth?
file_name,question
114.png,what is the net worth?
file_name,question
115.png,what is the net worth?
file_name,question
116.png,what is the net worth?
file_name,question
117.png,what is the net worth?
file_name,question
118.png,what is the net worth?
file_name,question
119.png,what is the net worth?
file_name,question
120.png,what is the net worth?
file_name,question
121.png,what is the net worth?
file_name,question
122.png,what is the net worth?
file_name,question
123.png,what is the net worth?
file_name,question
124.png,what is the net worth?
file_name,question
125.png,what is the net worth?
file_name,question
126.png,what is the net worth?
file_name,question
127.png,what is the net worth?
file_name,question
128.png,what is the net worth?
file_name,question
129.png,what is the net worth?
file_name,question
130.png,what is the net worth?
file_name,question
131.png,what is the net worth?
file_name,question
132.png,what is the net worth?
file_name,question
133.png,what is the net worth?
file_name,question
134.png,what is the net worth?
file_name,question
135.png,what is the net worth?
file_name,question
136.png,what is the net worth?
file_name,question
137.png,what is the net worth?
file_name,question
138.png,what is the net worth?
file_name,question
139.png,what is the net worth?
file_name,question
140.png,what is the net worth?
file_name,question
141.png,what is the net worth?
file_name,question
142.png,what is the net worth?
file_name,question
143.png,what is the net worth?
file_name,question
144.png,what is the net worth?
file_name,question
145.png,what is the net worth?
file_name,question
146.png,what is the net worth?
file_name,question
147.png,what is the net worth?
file_name,question
148.png,what is the net worth?
file_name,question
149.png,what is the net worth?
file_name,question
150.png,what is the net worth?
file_name,question
151.png,what is the net worth?
file_name,question
152.png,what is the net worth?
file_name,question
153.png,what is the net worth?
file_name,question
154.png,what is the net worth?
file_name,question
155.png,what is the net worth?
file_name,question
156.png,what is the net worth?
file_name,question
157.png,what is the net worth?
file_name,question
158.png,what is the net worth?
file_name,question
159.png,what is the net worth?
file_name,question
160.png,what is the net worth?
file_name,question
161.png,what is the net worth?
file_name,question
162.png,what is the net worth?
file_name,question
163.png,what is the net worth?
file_name,question
164.png,what is the net worth?
file_name,question
165.png,what is the net worth?
file_name,question
166.png,what is the net worth?
file_name,question
167.png,what is the net worth?
file_name,question
168.png,what is the net worth?
file_name,question
169.png,what is the net worth?
file_name,question
170.png,what is the net worth?
file_name,question
171.png,what is the net worth?
file_name,question
172.png,what is the net worth?
file_name,question
173.png,what is the net worth?
file_name,question
174.png,what is the net worth?
file_name,question
175.png,what is the net worth?
file_name,question
176.png,what is the net worth?
file_name,question
177.png,what is the net worth?
file_name,question
178.png,what is the net worth?
file_name,question
179.png,what is the net worth?
file_name,question
180.png,what is the net worth?
file_name,question
181.png,what is the net worth?
file_name,question
182.png,what is the net worth?
file_name,question
183.png,what is the net worth?
file_name,question
184.png,what is the net worth?
file_name,question
185.png,what is the net worth?
file_name,question
186.png,what is the net worth?
file_name,question
187.png,what is the net worth?
file_name,question
188.png,what is the net worth?
file_name,question
189.png,what is the net worth?
file_name,question
190.png,what is the net worth?
file_name,question
191.png,what is the net worth?
file_name,question
192.png,what is the net worth?
file_name,question
193.png,what is the net worth?
file_name,question
194.png,what is the net worth?
file_name,question
195.png,what is the net worth?
file_name,question
196.png,what is the net worth?
file_name,question
197.png,what is the net worth?
file_name,question
198.png,what is the net worth?
file_name,question
199.png,what is the net worth?
file_name,question
200.png,what is the net worth?
file_name,question
201.png,what is the net worth?
file_name,question
202.png,what is the net worth?
file_name,question
203.png,what is the net worth?
file_name,question
204.png,what is the net worth?
file_name,question
205.png,what is the net worth?
file_name,question
206.png,what is the net worth?
file_name,question
207.png,what is the net worth?
file_name,question
208.png,what is the net worth?
file_name,question
209.png,what is the net worth?
file_name,question
210.png,what is the net worth?
file_name,question
211.png,what is the net worth?
file_name,question
212.png,what is the net worth?
file_name,question
213.png,what is the net worth?
file_name,question
214.png,what is the net worth?
file_name,question
215.png,what is the net worth?
file_name,question
216.png,what is the net worth?
file_name,question
217.png,what is the net worth?
file_name,question
218.png,what is the net worth?
file_name,question
219.png,what is the net worth?
file_name,question
220.png,what is the net worth?
file_name,question
221.png,what is the net worth?
file_name,question
222.png,what is the net worth?
file_name,question
223.png,what is the net worth?
file_name,question
224.png,what is the net worth?
file_name,question
225.png,what is the net worth?
file_name,question
226.png,what is the net worth?
file_name,question
227.png,what is the net worth?
file_name,question
228.png,what is the net worth?
file_name,question
229.png,what is the net worth?
file_name,question
230.png,what is the net worth?
file_name,question
231.png,what is the net worth?
file_name,question
232.png,what is the net worth?
file_name,question
233.png,what is the net worth?
file_name,question
234.png,what is the net worth?
file_name,question
235.png,what is the net worth?
file_name,question
236.png,what is the net worth?
file_name,question
237.png,what is the net worth?
file_name,question
238.png,what is the net worth?
file_name,question
239.png,what is the net worth?
file_name,question
240.png,what is the net worth?
file_name,question
241.png,what is the net worth?
file_name,question
242.png,what is the net worth?
file_name,question
243.png,what is the net worth?
file_name,question
244.png,what is the net worth?
file_name,question
245.png,what is the net worth?
file_name,question
246.png,what is the net worth?
file_name,question
247.png,what is the net worth?
file_name,question
248.png,what is the net worth?
file_name,question
249.png,what is the net worth?
file_name,question
250.png,what is the net worth?
file_name,question
251.png,what is the net worth?
file_name,question
252.png,what is the net worth?
file_name,question
253.png,what is the net worth?
file_name,question
254.png,what is the net worth?
file_name,question
255.png,what is the net worth?
file_name,question
256.png,what is the net worth?
file_name,question
257.png,what is the net worth?
file_name,question
258.png,what is the net worth?
file_name,question
259.png,what is the net worth?
file_name,question
260.png,what is the net worth?
file_name,question
261.png,what is the net worth?
file_name,question
262.png,what is the net worth?
file_name,question
263.png,what is the net worth?
file_name,question
264.png,what is the net worth?
file_name,question
265.png,what is the net worth?
file_name,question
266.png,what is the net worth?
file_name,question
267.png,what is the net worth?
file_name,question
268.png,what is the net worth?
file_name,question
269.png,what is the net worth?
file_name,question
270.png,what is the net worth?
file_name,question
271.png,what is the net worth?
file_name,question
272.png,what is the net worth?
file_name,question
273.png,what is the net worth?
file_name,question
274.png,what is the net worth?
file_name,question
275.png,what is the net worth?
file_name,question
276.png,what is the net worth?
file_name,question
277.png,what is the net worth?
file_name,question
278.png,what is the net worth?
file_name,question
279.png,what is the net worth?
file_name,question
280.png,what is the net worth?
file_name,question
281.png,what is the net worth?
file_name,question
282.png,what is the net worth?
file_name,question
283.png,what is the net worth?
file_name,question
284.png,what is the net worth?
file_name,question
285.png,what is the net worth?
file_name,question
286.png,what is the net worth?
file_name,question
287.png,what is the net worth?
file_name,question
288.png,what is the net worth?
file_name,question
289.png,what is the net worth?
file_name,question
290.png,what is the net worth?
file_name,question
291.png,what is the net worth?
file_name,question
292.png,what is the net worth?
file_name,question
293.png,what is the net worth?
file_name,question
294.png,what is the net worth?
file_name,question
295.png,what is the net worth?
file_name,question
296.png,what is the net worth?
file_name,question
297.png,what is the net worth?
file_name,question
298.png,what is the net worth?
file_name,question
299.png,what is the net worth?
file_name,question
300.png,what is the net worth?
file_name,question
301.png,what is the net worth?
file_name,question
302.png,what is the net worth?
file_name,question
303.png,what is the net worth?
file_name,question
304.png,what is the net worth?
file_name,question
305.png,what is the net worth?
file_name,question
306.png,what is the net worth?
file_name,question
307.png,what is the net worth?
file_name,question
308.png,what is the net worth?
file_name,question
309.png,what is the net worth?
file_name,question
310.png,what is the net worth?
file_name,question
311.png,what is the net worth?
file_name,question
312.png,what is the net worth?
file_name,question
313.png,what is the net worth?
file_name,question
314.png,what is the net worth?
file_name,question
315.png,what is the net worth?
file_name,question
316.png,what is the net worth?
file_name,question
317.png,what is the net worth?
file_name,question
318.png,what is the net worth?
file_name,question
319.png,what is the net worth?
file_name,question
320.png,what is the net worth?
file_name,question
321.png,what is the net worth?
file_name,question
322.png,what is the net worth?
file_name,question
323.png,what is the net worth?
file_name,question
324.png,what is the net worth?
file_name,question
325.png,what is the net worth?
file_name,question
326.png,what is the net worth?
file_name,question
327.png,what is the net worth?
file_name,question
328.png,what is the net worth?
file_name,question
329.png,what is the net worth?
file_name,question
330.png,what is the net worth?
file_name,question
331.png,what is the net worth?
file_name,question
332.png,what is the net worth?
file_name,question
333.png,what is the net worth?
file_name,question
334.png,what is the net worth?
file_name,question
335.png,what is the net worth?
file_name,question
336.png,what is the net worth?
file_name,question
337.png,what is the net worth?
file_name,question
338.png,what is the net worth?
file_name,question
339.png,what is the net worth?
file_name,question
340.png,what is the net worth?
file_name,question
341.png,what is the net worth?
file_name,question
342.png,what is the net worth?
file_name,question
343.png,what is the net worth?
file_name,question
344.png,what is the net worth?
file_name,question
345.png,what is the net worth?
file_name,question
346.png,what is the net worth?
file_name,question
347.png,what is the net worth?
file_name,question
348.png,what is the net worth?
file_name,question
349.png,what is the net worth?
file_name,question
350.png,what is the net worth?
file_name,question
351.png,what is the net worth?
file_name,question
352.png,what is the net worth?
file_name,question
353.png,what is the net worth?
file_name,question
354.png,what is the net worth?
file_name,question
355.png,what is the net worth?
file_name,question
356.png,what is the net worth?
file_name,question
357.png,what is the net worth?
file_name,question
358.png,what is the net worth?
file_name,question
359.png,what is the net worth?
file_name,question
360.png,what is the net worth?
file_name,question
361.png,what is the net worth?
file_name,question
362.png,what is the net worth?
file_name,question
363.png,what is the net worth?
file_name,question
364.png,what is the net worth?
file_name,question
365.png,what is the net worth?
file_name,question
366.png,what is the net worth?
file_name,question
367.png,what is the net worth?
file_name,question
368.png,what is the net worth?
file_name,question
369.png,what is the net worth?
file_name,question
370.png,what is the net worth?
file_name,question
371.png,what is the net worth?
file_name,question
372.png,what is the net worth?
file_name,question
373.png,what is the net worth?
file_name,question
374.png,what is the net worth?
file_name,question
375.png,what is the net worth?
file_name,question
376.png,what is the net worth?
file_name,question
377.png,what is the net worth?
file_name,question
378.png,what is the net worth?
file_name,question
379.png,what is the net worth?
file_name,question
380.png,what is the net worth?
file_name,question
381.png,what is the net worth?
file_name,question
382.png,what is the net worth?
file_name,question
383.png,what is the net worth?
file_name,question
384.png,what is the net worth?
file_name,question
385.png,what is the net worth?
file_name,question
386.png,what is the net worth?
file_name,question
387.png,what is the net worth?
file_name,question
388.png,what is the net worth?
file_name,question
389.png,what is the net worth?
file_name,question
390.png,what is the net worth?
file_name,question
391.png,what is the net worth?
file_name,question
392.png,what is the net worth?
file_name,question
393.png,what is the net worth?
file_name,question
394.png,what is the net worth?
file_name,question
395.png,what is the net worth?
file_name,question
396.png,what is the net worth?
file_name,question
397.png,what is the net worth?
file_name,question
398.png,what is the net worth?
file_name,question
399.png,what is the net worth?
file_name,question
400.png,what is the net worth?
file_name,question
401.png,what is the net worth?
file_name,question
402.png,what is the net worth?
file_name,question
403.png,what is the net worth?
file_name,question
404.png,what is the net worth?
file_name,question
405.png,what is the net worth?
file_name,question
406.png,what is the net worth?
file_name,question
407.png,what is the net worth?
file_name,question
408.png,what is the net worth?
file_name,question
409.png,what is the net worth?
file_name,question
410.png,what is the net worth?
file_name,question
411.png,what is the net worth?
file_name,question
412.png,what is the net worth?
file_name,question
413.png,what is the net worth?
file_name,question
414.png,what is the net worth?
file_name,question
415.png,what is the net worth?
file_name,question
416.png,what is the net worth?
file_name,question
417.png,what is the net worth?
file_name,question
418.png,what is the net worth?
file_name,question
419.png,what is the net worth?
file_name,question
420.png,what is the net worth?
file_name,question
421.png,what is the net worth?
file_name,question
422.png,what is the net worth?
